Area,Sales_MT,Market_Share_%
North Zone,57.96,16.56
South Zone,57.96,16.56
East Zone,54.53,15.58
West Zone,82.82,23.662857142857142
Central Zone,96.73,27.63714285714286
