Product,Sales_MT,Revenue,Market_Share_%
10W-30 (4T Motor Oil),65.61,98415.0,18.745714285714286
20W-50 (SuperGT),103.28,185904.0,29.50857142857143
15W-40 (TitanTruck Plus),88.62,141792.0,25.320000000000004
Grease (FN-3),51.76,103520.0,14.788571428571428
Industrial (Renolin B),40.73,89606.0,11.637142857142855
